instance,solver,run,warmup,status,reported_status,verification_status,problem_type,objective,primal_residual,dual_residual,kkt_error,iterations,end_to_end_seconds,iteration_seconds,process_wall_seconds,rows,columns,nonzeros,dataset_sha256,method_selected,device_reason,monitor_checks,host_candidate_checks,skipped_candidate_checks,mip_gap,nodes
afiro.mps,cpu,0,False,OPTIMAL,OPTIMAL,VERIFIED_OPTIMAL,LP,-464.75314285714285,1.1368683772161603e-13,3.0278809762504267e-16,1.1368683772161603e-13,18,0.0012347,0.000126989,0.027750504999858094,27,32,83,9cd304f02717cbd6f85068cb777b69d28539b22a4868ae0f0fb425f514f0eea5,revised-primal-simplex,Compact CPU LP selected by automatic method policy,0,0,0,,
afiro.mps,cpu,1,False,OPTIMAL,OPTIMAL,VERIFIED_OPTIMAL,LP,-464.75314285714285,1.1368683772161603e-13,3.0278809762504267e-16,1.1368683772161603e-13,18,0.001279137,0.000138984,0.026640935997420456,27,32,83,9cd304f02717cbd6f85068cb777b69d28539b22a4868ae0f0fb425f514f0eea5,revised-primal-simplex,Compact CPU LP selected by automatic method policy,0,0,0,,
afiro.mps,cpu,2,False,OPTIMAL,OPTIMAL,VERIFIED_OPTIMAL,LP,-464.75314285714285,1.1368683772161603e-13,3.0278809762504267e-16,1.1368683772161603e-13,18,0.0012352560000000001,0.000144749,0.025758060000953265,27,32,83,9cd304f02717cbd6f85068cb777b69d28539b22a4868ae0f0fb425f514f0eea5,revised-primal-simplex,Compact CPU LP selected by automatic method policy,0,0,0,,
afiro.mps,cuda,0,False,OPTIMAL,OPTIMAL,VERIFIED_OPTIMAL,LP,-464.75314293057556,5.5491994999101735e-08,5.783624488422199e-10,5.5491994999101735e-08,1484,0.30434902,0.09870720000000001,0.43428984000274795,27,32,83,9cd304f02717cbd6f85068cb777b69d28539b22a4868ae0f0fb425f514f0eea5,pdhg,Explicit backend request,15,5,10,,
afiro.mps,cuda,1,False,OPTIMAL,OPTIMAL,VERIFIED_OPTIMAL,LP,-464.75314293057556,5.5491994999101735e-08,5.783624488422199e-10,5.5491994999101735e-08,1484,0.327231472,0.10856970299999999,0.456561362996581,27,32,83,9cd304f02717cbd6f85068cb777b69d28539b22a4868ae0f0fb425f514f0eea5,pdhg,Explicit backend request,15,5,10,,
afiro.mps,cuda,2,False,OPTIMAL,OPTIMAL,VERIFIED_OPTIMAL,LP,-464.75314293057556,5.5491994999101735e-08,5.783624488422199e-10,5.5491994999101735e-08,1484,0.301463068,0.094586932,0.4318334400013555,27,32,83,9cd304f02717cbd6f85068cb777b69d28539b22a4868ae0f0fb425f514f0eea5,pdhg,Explicit backend request,15,5,10,,
afiro.mps,highs,0,False,OPTIMAL,OPTIMAL,VERIFIED_OPTIMAL,LP,-464.75314285714285,1.4210854715202004e-14,5.046468293750712e-18,1.4210854715202004e-14,,0.0035355330001038965,0.0020351589992060326,0.3713846149985329,27,32,83,9cd304f02717cbd6f85068cb777b69d28539b22a4868ae0f0fb425f514f0eea5,,,,,,,-1
afiro.mps,highs,1,False,OPTIMAL,OPTIMAL,VERIFIED_OPTIMAL,LP,-464.75314285714285,1.4210854715202004e-14,5.046468293750712e-18,1.4210854715202004e-14,,0.003255186002206756,0.0019204959971830249,0.3559338589984691,27,32,83,9cd304f02717cbd6f85068cb777b69d28539b22a4868ae0f0fb425f514f0eea5,,,,,,,-1
afiro.mps,highs,2,False,OPTIMAL,OPTIMAL,VERIFIED_OPTIMAL,LP,-464.75314285714285,1.4210854715202004e-14,5.046468293750712e-18,1.4210854715202004e-14,,0.004217806002998259,0.002583365003374638,0.35037946200100123,27,32,83,9cd304f02717cbd6f85068cb777b69d28539b22a4868ae0f0fb425f514f0eea5,,,,,,,-1
adlittle.mps,cpu,0,False,OPTIMAL,OPTIMAL,VERIFIED_OPTIMAL,LP,225494.96316238024,2.2737367544323206e-13,1.9562555888871512e-13,2.2737367544323206e-13,146,0.007369397999999999,0.003367525,0.031940159999066964,56,97,383,ed99da009e35279828219ff7f04a2cd4f170692bedf58f704b622338e4adc1f9,revised-primal-simplex,Compact CPU LP selected by automatic method policy,0,0,0,,
adlittle.mps,cpu,1,False,OPTIMAL,OPTIMAL,VERIFIED_OPTIMAL,LP,225494.96316238024,2.2737367544323206e-13,1.9562555888871512e-13,2.2737367544323206e-13,146,0.006802028,0.003350578,0.03252936200078693,56,97,383,ed99da009e35279828219ff7f04a2cd4f170692bedf58f704b622338e4adc1f9,revised-primal-simplex,Compact CPU LP selected by automatic method policy,0,0,0,,
adlittle.mps,cpu,2,False,OPTIMAL,OPTIMAL,VERIFIED_OPTIMAL,LP,225494.96316238024,2.2737367544323206e-13,1.9562555888871512e-13,2.2737367544323206e-13,146,0.006775309,0.0033346689999999997,0.03118871199694695,56,97,383,ed99da009e35279828219ff7f04a2cd4f170692bedf58f704b622338e4adc1f9,revised-primal-simplex,Compact CPU LP selected by automatic method policy,0,0,0,,
adlittle.mps,cuda,0,False,OPTIMAL,OPTIMAL,VERIFIED_OPTIMAL,LP,225494.96306609135,1.9421264774166502e-07,6.989721084030935e-08,3.483589282733282e-07,49685,2.6835367519999997,2.378830478999999,2.811076542999217,56,97,383,ed99da009e35279828219ff7f04a2cd4f170692bedf58f704b622338e4adc1f9,pdhg,Explicit backend request,497,316,181,,
adlittle.mps,cuda,1,False,OPTIMAL,OPTIMAL,VERIFIED_OPTIMAL,LP,225494.96306609135,1.9421264774166502e-07,6.989721084030935e-08,3.483589282733282e-07,49685,2.6968377599999998,2.3643132570000005,2.8299567899994145,56,97,383,ed99da009e35279828219ff7f04a2cd4f170692bedf58f704b622338e4adc1f9,pdhg,Explicit backend request,497,316,181,,
adlittle.mps,cuda,2,False,OPTIMAL,OPTIMAL,VERIFIED_OPTIMAL,LP,225494.96306609135,1.9421264774166502e-07,6.989721084030935e-08,3.483589282733282e-07,49685,2.657628452,2.359261276,2.783182997001859,56,97,383,ed99da009e35279828219ff7f04a2cd4f170692bedf58f704b622338e4adc1f9,pdhg,Explicit backend request,497,316,181,,
adlittle.mps,highs,0,False,OPTIMAL,OPTIMAL,VERIFIED_OPTIMAL,LP,225494.9631623803,5.684341886080802e-14,1.3734441283191305e-16,5.684341886080802e-14,,0.007189798998297192,0.005034875001001637,0.30193204100214643,56,97,383,ed99da009e35279828219ff7f04a2cd4f170692bedf58f704b622338e4adc1f9,,,,,,,-1
adlittle.mps,highs,1,False,OPTIMAL,OPTIMAL,VERIFIED_OPTIMAL,LP,225494.9631623803,5.684341886080802e-14,1.3734441283191305e-16,5.684341886080802e-14,,0.007354002998908982,0.005191781001485651,0.3591402130005008,56,97,383,ed99da009e35279828219ff7f04a2cd4f170692bedf58f704b622338e4adc1f9,,,,,,,-1
adlittle.mps,highs,2,False,OPTIMAL,OPTIMAL,VERIFIED_OPTIMAL,LP,225494.9631623803,5.684341886080802e-14,1.3734441283191305e-16,5.684341886080802e-14,,0.007703335999394767,0.005143752998264972,0.382491554999433,56,97,383,ed99da009e35279828219ff7f04a2cd4f170692bedf58f704b622338e4adc1f9,,,,,,,-1
e226.mps,cpu,0,False,OPTIMAL,OPTIMAL,VERIFIED_OPTIMAL,LP,-11.638930043471596,8.014691079694103e-07,1.2697869140393594e-09,9.701436868163563e-07,170241,3.450514803,3.223275867000004,3.478143121999892,223,282,2578,f3cc263fdb5845ef52e504b5b1f4e21215ec3b48ddf8d8547b08dbdee4a709e0,pdhg,Auto recovery from simplex NUMERICAL_ERROR; Explicit backend request,0,1701,0,,
e226.mps,cpu,1,False,OPTIMAL,OPTIMAL,VERIFIED_OPTIMAL,LP,-11.638930043471596,8.014691079694103e-07,1.2697869140393594e-09,9.701436868163563e-07,170241,3.5256596659999997,3.2887960929999904,3.5645959110006515,223,282,2578,f3cc263fdb5845ef52e504b5b1f4e21215ec3b48ddf8d8547b08dbdee4a709e0,pdhg,Auto recovery from simplex NUMERICAL_ERROR; Explicit backend request,0,1701,0,,
e226.mps,cpu,2,False,OPTIMAL,OPTIMAL,VERIFIED_OPTIMAL,LP,-11.638930043471596,8.014691079694103e-07,1.2697869140393594e-09,9.701436868163563e-07,170241,3.5934211740000004,3.3563571610000005,3.6221110240003327,223,282,2578,f3cc263fdb5845ef52e504b5b1f4e21215ec3b48ddf8d8547b08dbdee4a709e0,pdhg,Auto recovery from simplex NUMERICAL_ERROR; Explicit backend request,0,1701,0,,
e226.mps,cuda,0,False,OPTIMAL,OPTIMAL,VERIFIED_OPTIMAL,LP,-11.63892964483021,7.884458419482598e-07,1.49508914098656e-09,8.748973428373564e-07,161860,9.281907410999999,8.770923039000001,9.410160056002496,223,282,2578,f3cc263fdb5845ef52e504b5b1f4e21215ec3b48ddf8d8547b08dbdee4a709e0,pdhg,Explicit backend request,1628,296,1332,,
e226.mps,cuda,1,False,OPTIMAL,OPTIMAL,VERIFIED_OPTIMAL,LP,-11.63892964483021,7.884458419482598e-07,1.49508914098656e-09,8.748973428373564e-07,161860,9.371297926,8.855521429999985,9.499298628998076,223,282,2578,f3cc263fdb5845ef52e504b5b1f4e21215ec3b48ddf8d8547b08dbdee4a709e0,pdhg,Explicit backend request,1628,296,1332,,
e226.mps,cuda,2,False,OPTIMAL,OPTIMAL,VERIFIED_OPTIMAL,LP,-11.63892964483021,7.884458419482598e-07,1.49508914098656e-09,8.748973428373564e-07,161860,9.674885605,9.111439374999994,9.80645935299981,223,282,2578,f3cc263fdb5845ef52e504b5b1f4e21215ec3b48ddf8d8547b08dbdee4a709e0,pdhg,Explicit backend request,1628,296,1332,,
e226.mps,highs,0,False,OPTIMAL,OPTIMAL,VERIFIED_OPTIMAL,LP,-11.638929066370537,9.461288092677765e-15,5.990484936781343e-16,9.461288092677765e-15,,0.03453477400034899,0.027504726000188384,0.4035051540013228,223,282,2578,f3cc263fdb5845ef52e504b5b1f4e21215ec3b48ddf8d8547b08dbdee4a709e0,,,,,,,-1
e226.mps,highs,1,False,OPTIMAL,OPTIMAL,VERIFIED_OPTIMAL,LP,-11.638929066370537,9.461288092677765e-15,5.990484936781343e-16,9.461288092677765e-15,,0.034134456000174396,0.02670941200267407,0.3782368600004702,223,282,2578,f3cc263fdb5845ef52e504b5b1f4e21215ec3b48ddf8d8547b08dbdee4a709e0,,,,,,,-1
e226.mps,highs,2,False,OPTIMAL,OPTIMAL,VERIFIED_OPTIMAL,LP,-11.638929066370537,9.461288092677765e-15,5.990484936781343e-16,9.461288092677765e-15,,0.03456039299999247,0.027114273001643596,0.3401761439999973,223,282,2578,f3cc263fdb5845ef52e504b5b1f4e21215ec3b48ddf8d8547b08dbdee4a709e0,,,,,,,-1
israel.mps,cpu,0,False,OPTIMAL,OPTIMAL,VERIFIED_OPTIMAL,LP,-896644.8218630458,1.2299790815480567e-11,4.778684789352176e-15,1.2299790815480567e-11,234,0.031137828,0.016523468,0.05638998900030856,174,142,2269,09ff7b847b40ac47e23ab8925846806d76e31b65b76b98a31437d08d74e339eb,revised-primal-simplex,Compact CPU LP selected by automatic method policy,0,0,0,,
israel.mps,cpu,1,False,OPTIMAL,OPTIMAL,VERIFIED_OPTIMAL,LP,-896644.8218630458,1.2299790815480567e-11,4.778684789352176e-15,1.2299790815480567e-11,234,0.032242958,0.017621909,0.05900929299968993,174,142,2269,09ff7b847b40ac47e23ab8925846806d76e31b65b76b98a31437d08d74e339eb,revised-primal-simplex,Compact CPU LP selected by automatic method policy,0,0,0,,
israel.mps,cpu,2,False,OPTIMAL,OPTIMAL,VERIFIED_OPTIMAL,LP,-896644.8218630458,1.2299790815480567e-11,4.778684789352176e-15,1.2299790815480567e-11,234,0.030518739,0.016276926999999997,0.05562373800057685,174,142,2269,09ff7b847b40ac47e23ab8925846806d76e31b65b76b98a31437d08d74e339eb,revised-primal-simplex,Compact CPU LP selected by automatic method policy,0,0,0,,
israel.mps,cuda,0,False,OPTIMAL,OPTIMAL,VERIFIED_OPTIMAL,LP,-896644.821860246,6.784360976822375e-07,2.902642759719816e-10,6.784360976822375e-07,61455,3.744731738,3.4054141990000013,3.87429998999869,174,142,2269,09ff7b847b40ac47e23ab8925846806d76e31b65b76b98a31437d08d74e339eb,pdhg,Explicit backend request,616,79,537,,
israel.mps,cuda,1,False,OPTIMAL,OPTIMAL,VERIFIED_OPTIMAL,LP,-896644.821860246,6.784360976822375e-07,2.902642759719816e-10,6.784360976822375e-07,61455,3.7143289910000004,3.395920711999998,3.8509013750008307,174,142,2269,09ff7b847b40ac47e23ab8925846806d76e31b65b76b98a31437d08d74e339eb,pdhg,Explicit backend request,616,79,537,,
israel.mps,cuda,2,False,OPTIMAL,OPTIMAL,VERIFIED_OPTIMAL,LP,-896644.821860246,6.784360976822375e-07,2.902642759719816e-10,6.784360976822375e-07,61455,3.705113124,3.387450594000001,3.834321013997396,174,142,2269,09ff7b847b40ac47e23ab8925846806d76e31b65b76b98a31437d08d74e339eb,pdhg,Explicit backend request,616,79,537,,
israel.mps,highs,0,False,OPTIMAL,OPTIMAL,VERIFIED_OPTIMAL,LP,-896644.8218630459,3.637936512881251e-12,1.5117930548087238e-16,3.637936512881251e-12,,0.018167774000175996,0.012275155997485854,0.37189185000170255,174,142,2269,09ff7b847b40ac47e23ab8925846806d76e31b65b76b98a31437d08d74e339eb,,,,,,,-1
israel.mps,highs,1,False,OPTIMAL,OPTIMAL,VERIFIED_OPTIMAL,LP,-896644.8218630459,3.637936512881251e-12,1.5117930548087238e-16,3.637936512881251e-12,,0.018157768998207757,0.01210024900137796,0.3779001929979131,174,142,2269,09ff7b847b40ac47e23ab8925846806d76e31b65b76b98a31437d08d74e339eb,,,,,,,-1
israel.mps,highs,2,False,OPTIMAL,OPTIMAL,VERIFIED_OPTIMAL,LP,-896644.8218630459,3.637936512881251e-12,1.5117930548087238e-16,3.637936512881251e-12,,0.01949341799991089,0.013133143998857122,0.3767582319997018,174,142,2269,09ff7b847b40ac47e23ab8925846806d76e31b65b76b98a31437d08d74e339eb,,,,,,,-1
refinery.json,cpu,0,False,OPTIMAL,OPTIMAL,VERIFIED_OPTIMAL,LP,40729.81316409575,1.3766765505351941e-14,1.0624325889953173e-16,1.3766765505351941e-14,24,0.0018667,0.00039955099999999994,0.027631203000055393,36,32,128,8d3974d08707c4bb40f86ce66ea8e07c98d54d67e3b2761067de77a9c7fea07c,revised-primal-simplex,Compact CPU LP selected by automatic method policy,0,0,0,,
refinery.json,cpu,1,False,OPTIMAL,OPTIMAL,VERIFIED_OPTIMAL,LP,40729.81316409575,1.3766765505351941e-14,1.0624325889953173e-16,1.3766765505351941e-14,24,0.001746019,0.00030932199999999995,0.027636652001092443,36,32,128,8d3974d08707c4bb40f86ce66ea8e07c98d54d67e3b2761067de77a9c7fea07c,revised-primal-simplex,Compact CPU LP selected by automatic method policy,0,0,0,,
refinery.json,cpu,2,False,OPTIMAL,OPTIMAL,VERIFIED_OPTIMAL,LP,40729.81316409575,1.3766765505351941e-14,1.0624325889953173e-16,1.3766765505351941e-14,24,0.001632035,0.00029908200000000005,0.02744065099977888,36,32,128,8d3974d08707c4bb40f86ce66ea8e07c98d54d67e3b2761067de77a9c7fea07c,revised-primal-simplex,Compact CPU LP selected by automatic method policy,0,0,0,,
refinery.json,cuda,0,False,OPTIMAL,OPTIMAL,VERIFIED_OPTIMAL,LP,40729.81316398683,2.453702130367219e-08,2.6293523684413136e-09,2.453702130367219e-08,499,0.253455047,0.045770854,0.3891951160003373,36,32,128,8d3974d08707c4bb40f86ce66ea8e07c98d54d67e3b2761067de77a9c7fea07c,pdhg,Explicit backend request,5,2,3,,
refinery.json,cuda,1,False,OPTIMAL,OPTIMAL,VERIFIED_OPTIMAL,LP,40729.81316398683,2.453702130367219e-08,2.6293523684413136e-09,2.453702130367219e-08,499,0.252807281,0.045558346000000007,0.38360514099986176,36,32,128,8d3974d08707c4bb40f86ce66ea8e07c98d54d67e3b2761067de77a9c7fea07c,pdhg,Explicit backend request,5,2,3,,
refinery.json,cuda,2,False,OPTIMAL,OPTIMAL,VERIFIED_OPTIMAL,LP,40729.81316398683,2.453702130367219e-08,2.6293523684413136e-09,2.453702130367219e-08,499,0.292104912,0.051563696000000006,0.4222395360011433,36,32,128,8d3974d08707c4bb40f86ce66ea8e07c98d54d67e3b2761067de77a9c7fea07c,pdhg,Explicit backend request,5,2,3,,
refinery.json,highs,0,False,OPTIMAL,OPTIMAL,VERIFIED_OPTIMAL,LP,40729.81316409575,0.0,0.0,7.056177658206519e-15,,0.0031201149977277964,0.001427274000889156,0.36501328599842964,36,32,128,8d3974d08707c4bb40f86ce66ea8e07c98d54d67e3b2761067de77a9c7fea07c,,,,,,,-1
refinery.json,highs,1,False,OPTIMAL,OPTIMAL,VERIFIED_OPTIMAL,LP,40729.81316409575,0.0,0.0,7.056177658206519e-15,,0.012872940002125688,0.001898713999253232,0.3669716279982822,36,32,128,8d3974d08707c4bb40f86ce66ea8e07c98d54d67e3b2761067de77a9c7fea07c,,,,,,,-1
refinery.json,highs,2,False,OPTIMAL,OPTIMAL,VERIFIED_OPTIMAL,LP,40729.81316409575,0.0,0.0,7.056177658206519e-15,,0.003345048000483075,0.001401995999913197,0.32722887199997786,36,32,128,8d3974d08707c4bb40f86ce66ea8e07c98d54d67e3b2761067de77a9c7fea07c,,,,,,,-1
supply_chain.json,cpu,0,False,OPTIMAL,OPTIMAL,VERIFIED_FEASIBLE,MILP,130.0,0.0,0.03225806451612903,0.25954198473282447,150,0.003896646,0.0005459710000000001,0.028778720999980578,5,8,14,8268d49a5b297cc3539a294e2fff30c8670f5835489f656c1dc0ea57d6cb9e95,branch-and-cut,Compact CPU LP selected by automatic method policy,0,0,0,4.372570681600617e-16,5
supply_chain.json,cpu,1,False,OPTIMAL,OPTIMAL,VERIFIED_FEASIBLE,MILP,130.0,0.0,0.03225806451612903,0.25954198473282447,150,0.003859788,0.000552154,0.02938460999939707,5,8,14,8268d49a5b297cc3539a294e2fff30c8670f5835489f656c1dc0ea57d6cb9e95,branch-and-cut,Compact CPU LP selected by automatic method policy,0,0,0,4.372570681600617e-16,5
supply_chain.json,cpu,2,False,OPTIMAL,OPTIMAL,VERIFIED_FEASIBLE,MILP,130.0,0.0,0.03225806451612903,0.25954198473282447,150,0.007202405,0.0007050320000000002,0.03748503799943137,5,8,14,8268d49a5b297cc3539a294e2fff30c8670f5835489f656c1dc0ea57d6cb9e95,branch-and-cut,Compact CPU LP selected by automatic method policy,0,0,0,4.372570681600617e-16,5
supply_chain.json,cuda,0,False,OPTIMAL,OPTIMAL,VERIFIED_FEASIBLE,MILP,130.0,0.0,0.03225806451612903,0.25954198473282447,16627,1.051642952,0.8171637250000001,1.1884020489997056,5,8,14,8268d49a5b297cc3539a294e2fff30c8670f5835489f656c1dc0ea57d6cb9e95,branch-and-cut,Explicit backend request,27,7,20,2.1862853408003084e-16,10
supply_chain.json,cuda,1,False,OPTIMAL,OPTIMAL,VERIFIED_FEASIBLE,MILP,130.0,0.0,0.03225806451612903,0.25954198473282447,16627,1.075398389,0.81721837,1.2014323440016597,5,8,14,8268d49a5b297cc3539a294e2fff30c8670f5835489f656c1dc0ea57d6cb9e95,branch-and-cut,Explicit backend request,27,7,20,2.1862853408003084e-16,10
supply_chain.json,cuda,2,False,OPTIMAL,OPTIMAL,VERIFIED_FEASIBLE,MILP,130.0,0.0,0.03225806451612903,0.25954198473282447,16627,1.024277816,0.7841310920000001,1.1513715790024435,5,8,14,8268d49a5b297cc3539a294e2fff30c8670f5835489f656c1dc0ea57d6cb9e95,branch-and-cut,Explicit backend request,27,7,20,2.1862853408003084e-16,10
supply_chain.json,highs,0,False,OPTIMAL,OPTIMAL,VERIFIED_FEASIBLE,MILP,130.0,0.0,0.06451612903225806,0.9923664122137404,,0.04177005900055519,0.0405650680004328,0.33681367299868725,5,8,14,8268d49a5b297cc3539a294e2fff30c8670f5835489f656c1dc0ea57d6cb9e95,,,,,,0.0,1
supply_chain.json,highs,1,False,OPTIMAL,OPTIMAL,VERIFIED_FEASIBLE,MILP,130.0,0.0,0.06451612903225806,0.9923664122137404,,0.0396543670030951,0.038517420001880964,0.3447290299991437,5,8,14,8268d49a5b297cc3539a294e2fff30c8670f5835489f656c1dc0ea57d6cb9e95,,,,,,0.0,1
supply_chain.json,highs,2,False,OPTIMAL,OPTIMAL,VERIFIED_FEASIBLE,MILP,130.0,0.0,0.06451612903225806,0.9923664122137404,,0.051857063997886144,0.050673062996793306,0.400062421002076,5,8,14,8268d49a5b297cc3539a294e2fff30c8670f5835489f656c1dc0ea57d6cb9e95,,,,,,0.0,1
coupled_dispatch.json,cpu,0,False,OPTIMAL,OPTIMAL,VERIFIED_OPTIMAL,QP,2833.309965865842,2.7107147020043033e-08,7.424252185250779e-09,4.069168163003974e-08,100,0.000974089,0.00049936,0.027132111001265002,1,3,3,b7769c5abcea35248634c22061c94502322657ade750602bf4684cde1f682788,smooth-primal-dual,Explicit backend request,0,1,0,,
coupled_dispatch.json,cpu,1,False,OPTIMAL,OPTIMAL,VERIFIED_OPTIMAL,QP,2833.309965865842,2.7107147020043033e-08,7.424252185250779e-09,4.069168163003974e-08,100,0.001008239,0.000516605,0.02787667099983082,1,3,3,b7769c5abcea35248634c22061c94502322657ade750602bf4684cde1f682788,smooth-primal-dual,Explicit backend request,0,1,0,,
coupled_dispatch.json,cpu,2,False,OPTIMAL,OPTIMAL,VERIFIED_OPTIMAL,QP,2833.309965865842,2.7107147020043033e-08,7.424252185250779e-09,4.069168163003974e-08,100,0.000978388,0.000487788,0.024963079998997273,1,3,3,b7769c5abcea35248634c22061c94502322657ade750602bf4684cde1f682788,smooth-primal-dual,Explicit backend request,0,1,0,,
coupled_dispatch.json,cuda,0,False,OPTIMAL,OPTIMAL,VERIFIED_OPTIMAL,QP,2833.309965865844,2.7107147584712756e-08,7.424252213006355e-09,4.069168240198555e-08,100,0.224694895,0.027580704,0.353844888999447,1,3,3,b7769c5abcea35248634c22061c94502322657ade750602bf4684cde1f682788,smooth-primal-dual,Explicit backend request,1,1,0,,
coupled_dispatch.json,cuda,1,False,OPTIMAL,OPTIMAL,VERIFIED_OPTIMAL,QP,2833.309965865844,2.7107147584712756e-08,7.424252213006355e-09,4.069168240198555e-08,100,0.21683840799999998,0.027796626,0.3473690160026308,1,3,3,b7769c5abcea35248634c22061c94502322657ade750602bf4684cde1f682788,smooth-primal-dual,Explicit backend request,1,1,0,,
coupled_dispatch.json,cuda,2,False,OPTIMAL,OPTIMAL,VERIFIED_OPTIMAL,QP,2833.309965865844,2.7107147584712756e-08,7.424252213006355e-09,4.069168240198555e-08,100,0.238301005,0.028328009,0.3661922399987816,1,3,3,b7769c5abcea35248634c22061c94502322657ade750602bf4684cde1f682788,smooth-primal-dual,Explicit backend request,1,1,0,,
coupled_dispatch.json,highs,0,False,OPTIMAL,OPTIMAL,VERIFIED_OPTIMAL,QP,2833.3098591549387,0.0,4.357394033371875e-07,4.357394033371875e-07,,0.011701442999765277,0.010552838000876363,0.33910404199923505,1,3,3,b7769c5abcea35248634c22061c94502322657ade750602bf4684cde1f682788,,,,,,,-1
coupled_dispatch.json,highs,1,False,OPTIMAL,OPTIMAL,VERIFIED_OPTIMAL,QP,2833.3098591549387,0.0,4.357394033371875e-07,4.357394033371875e-07,,0.003273065998655511,0.0019361590020707808,0.3507626930004335,1,3,3,b7769c5abcea35248634c22061c94502322657ade750602bf4684cde1f682788,,,,,,,-1
coupled_dispatch.json,highs,2,False,OPTIMAL,OPTIMAL,VERIFIED_OPTIMAL,QP,2833.3098591549387,0.0,4.357394033371875e-07,4.357394033371875e-07,,0.002701690002140822,0.0015210279998427723,0.36014448599962634,1,3,3,b7769c5abcea35248634c22061c94502322657ade750602bf4684cde1f682788,,,,,,,-1
integer_dispatch.json,cpu,0,False,OPTIMAL,OPTIMAL,VERIFIED_FEASIBLE,MIQP,23.75,0.0,0.1828572104193488,0.1828572104193488,1400,0.007486487,0.006322304,0.03171689900045749,1,2,2,386d0d68a39440da6c168d821895a1214c49203c5ecd3c4611d888a6fed38f8a,branch-and-cut,Preprocessing/candidate verification; iterative backend not yet required,0,2,0,1.495879443705474e-16,3
integer_dispatch.json,cpu,1,False,OPTIMAL,OPTIMAL,VERIFIED_FEASIBLE,MIQP,23.75,0.0,0.1828572104193488,0.1828572104193488,1400,0.007456123,0.006315541,0.032083997000881936,1,2,2,386d0d68a39440da6c168d821895a1214c49203c5ecd3c4611d888a6fed38f8a,branch-and-cut,Preprocessing/candidate verification; iterative backend not yet required,0,2,0,1.495879443705474e-16,3
integer_dispatch.json,cpu,2,False,OPTIMAL,OPTIMAL,VERIFIED_FEASIBLE,MIQP,23.75,0.0,0.1828572104193488,0.1828572104193488,1400,0.007373632000000001,0.006250165,0.03209603700088337,1,2,2,386d0d68a39440da6c168d821895a1214c49203c5ecd3c4611d888a6fed38f8a,branch-and-cut,Preprocessing/candidate verification; iterative backend not yet required,0,2,0,1.495879443705474e-16,3
integer_dispatch.json,cuda,0,False,OPTIMAL,OPTIMAL,VERIFIED_FEASIBLE,MIQP,23.75,0.0,0.18285721041934844,0.18285721041934844,2000,0.340912677,0.136168585,0.4701204560005863,1,2,2,386d0d68a39440da6c168d821895a1214c49203c5ecd3c4611d888a6fed38f8a,branch-and-cut,Preprocessing/candidate verification; iterative backend not yet required,2,2,0,1.495879443705474e-16,3
integer_dispatch.json,cuda,1,False,OPTIMAL,OPTIMAL,VERIFIED_FEASIBLE,MIQP,23.75,0.0,0.18285721041934844,0.18285721041934844,2000,0.363124823,0.145159592,0.4911852839977655,1,2,2,386d0d68a39440da6c168d821895a1214c49203c5ecd3c4611d888a6fed38f8a,branch-and-cut,Preprocessing/candidate verification; iterative backend not yet required,2,2,0,1.495879443705474e-16,3
integer_dispatch.json,cuda,2,False,OPTIMAL,OPTIMAL,VERIFIED_FEASIBLE,MIQP,23.75,0.0,0.18285721041934844,0.18285721041934844,2000,0.335108869,0.142006072,0.45939661399825127,1,2,2,386d0d68a39440da6c168d821895a1214c49203c5ecd3c4611d888a6fed38f8a,branch-and-cut,Preprocessing/candidate verification; iterative backend not yet required,2,2,0,1.495879443705474e-16,3
integer_dispatch.json,highs,0,False,NOT_SET,NOT_SET,,MIQP,,,,,,0.0012986809997528326,0.00023166399842011742,0.3306175519974204,1,2,2,386d0d68a39440da6c168d821895a1214c49203c5ecd3c4611d888a6fed38f8a,,,,,,,-1
integer_dispatch.json,highs,1,False,NOT_SET,NOT_SET,,MIQP,,,,,,0.001338205998763442,0.00023072000112733804,0.30291857499832986,1,2,2,386d0d68a39440da6c168d821895a1214c49203c5ecd3c4611d888a6fed38f8a,,,,,,,-1
integer_dispatch.json,highs,2,False,NOT_SET,NOT_SET,,MIQP,,,,,,0.0013056659990979824,0.00024268400011351332,0.3646288990021276,1,2,2,386d0d68a39440da6c168d821895a1214c49203c5ecd3c4611d888a6fed38f8a,,,,,,,-1
scheduling.json,cpu,0,False,UNKNOWN,UNKNOWN,VERIFIED_FEASIBLE,MILP,748.0,0.0,0.12903225806451613,0.9986648865153538,12250,0.078896488,0.05187474899999999,0.10299853299875394,16,16,38,04765cb41af7ea0989036b70307f3e7daa3af9bf363910bfc885f46e34b7b15c,branch-and-cut,Compact CPU LP selected by automatic method policy,0,0,0,0.002673796791444154,23
scheduling.json,cpu,1,False,UNKNOWN,UNKNOWN,VERIFIED_FEASIBLE,MILP,748.0,0.0,0.12903225806451613,0.9986648865153538,12250,0.08301647499999999,0.05480077400000001,0.10818668000138132,16,16,38,04765cb41af7ea0989036b70307f3e7daa3af9bf363910bfc885f46e34b7b15c,branch-and-cut,Compact CPU LP selected by automatic method policy,0,0,0,0.002673796791444154,23
scheduling.json,cpu,2,False,UNKNOWN,UNKNOWN,VERIFIED_FEASIBLE,MILP,748.0,0.0,0.12903225806451613,0.9986648865153538,12250,0.080716839,0.052788875000000006,0.10551149200182408,16,16,38,04765cb41af7ea0989036b70307f3e7daa3af9bf363910bfc885f46e34b7b15c,branch-and-cut,Compact CPU LP selected by automatic method policy,0,0,0,0.002673796791444154,23
scheduling.json,cuda,0,False,OPTIMAL,OPTIMAL,VERIFIED_FEASIBLE,MILP,748.0001841956976,3.5615900316781514e-07,0.03225806451612903,3.460930044413334,79507,4.0758501439999995,3.6605860729999993,4.206366668000555,16,16,38,04765cb41af7ea0989036b70307f3e7daa3af9bf363910bfc885f46e34b7b15c,branch-and-cut,Explicit backend request,90,31,59,5.762475663014319e-07,27
scheduling.json,cuda,1,False,OPTIMAL,OPTIMAL,VERIFIED_FEASIBLE,MILP,748.0001841956976,3.5615900316781514e-07,0.03225806451612903,3.460930044413334,79507,4.166416519999999,3.741340014,4.291564629998902,16,16,38,04765cb41af7ea0989036b70307f3e7daa3af9bf363910bfc885f46e34b7b15c,branch-and-cut,Explicit backend request,90,31,59,5.762475663014319e-07,27
scheduling.json,cuda,2,False,OPTIMAL,OPTIMAL,VERIFIED_FEASIBLE,MILP,748.0001841956976,3.5615900316781514e-07,0.03225806451612903,3.460930044413334,79507,4.184870284,3.7286174599999993,4.309219733997452,16,16,38,04765cb41af7ea0989036b70307f3e7daa3af9bf363910bfc885f46e34b7b15c,branch-and-cut,Explicit backend request,90,31,59,5.762475663014319e-07,27
scheduling.json,highs,0,False,OPTIMAL,OPTIMAL,VERIFIED_FEASIBLE,MILP,748.0,0.0,0.12903225806451613,0.9986648865153538,,0.04727041599835502,0.04595325600166689,0.41568946999905165,16,16,38,04765cb41af7ea0989036b70307f3e7daa3af9bf363910bfc885f46e34b7b15c,,,,,,0.0,1
scheduling.json,highs,1,False,OPTIMAL,OPTIMAL,VERIFIED_FEASIBLE,MILP,748.0,0.0,0.12903225806451613,0.9986648865153538,,0.045820245999493636,0.044443244998547016,0.42259659599949373,16,16,38,04765cb41af7ea0989036b70307f3e7daa3af9bf363910bfc885f46e34b7b15c,,,,,,0.0,1
scheduling.json,highs,2,False,OPTIMAL,OPTIMAL,VERIFIED_FEASIBLE,MILP,748.0,0.0,0.12903225806451613,0.9986648865153538,,0.045055941001919564,0.043741338999097934,0.37924713699976564,16,16,38,04765cb41af7ea0989036b70307f3e7daa3af9bf363910bfc885f46e34b7b15c,,,,,,0.0,1
production.json,cpu,0,False,OPTIMAL,OPTIMAL,VERIFIED_OPTIMAL,LP,517.0,0.0,6.344131569286608e-17,7.13975309362811e-15,3,0.000604151,5.2483000000000006e-05,0.027544350999960443,4,4,7,fbd9b1a4ea89ed9984989ac41657ed5e2e52a59e048f38f67426340771fb4336,revised-primal-simplex,Compact CPU LP selected by automatic method policy,0,0,0,,
production.json,cpu,1,False,OPTIMAL,OPTIMAL,VERIFIED_OPTIMAL,LP,517.0,0.0,6.344131569286608e-17,7.13975309362811e-15,3,0.000507869,3.854399999999999e-05,0.026872690999880433,4,4,7,fbd9b1a4ea89ed9984989ac41657ed5e2e52a59e048f38f67426340771fb4336,revised-primal-simplex,Compact CPU LP selected by automatic method policy,0,0,0,,
production.json,cpu,2,False,OPTIMAL,OPTIMAL,VERIFIED_OPTIMAL,LP,517.0,0.0,6.344131569286608e-17,7.13975309362811e-15,3,0.000529841,4.073899999999999e-05,0.030888663000951055,4,4,7,fbd9b1a4ea89ed9984989ac41657ed5e2e52a59e048f38f67426340771fb4336,revised-primal-simplex,Compact CPU LP selected by automatic method policy,0,0,0,,
production.json,cuda,0,False,OPTIMAL,OPTIMAL,VERIFIED_OPTIMAL,LP,517.0000008842093,1.8959768822685698e-09,5.970391165582051e-10,2.499614501996439e-09,399,0.242118824,0.044075321,0.3701000159999239,4,4,7,fbd9b1a4ea89ed9984989ac41657ed5e2e52a59e048f38f67426340771fb4336,pdhg,Explicit backend request,4,3,1,,
production.json,cuda,1,False,OPTIMAL,OPTIMAL,VERIFIED_OPTIMAL,LP,517.0000008842093,1.8959768822685698e-09,5.970391165582051e-10,2.499614501996439e-09,399,0.252913397,0.045355748,0.3813057280021894,4,4,7,fbd9b1a4ea89ed9984989ac41657ed5e2e52a59e048f38f67426340771fb4336,pdhg,Explicit backend request,4,3,1,,
production.json,cuda,2,False,OPTIMAL,OPTIMAL,VERIFIED_OPTIMAL,LP,517.0000008842093,1.8959768822685698e-09,5.970391165582051e-10,2.499614501996439e-09,399,0.23295285599999999,0.039397715,0.36112433400194277,4,4,7,fbd9b1a4ea89ed9984989ac41657ed5e2e52a59e048f38f67426340771fb4336,pdhg,Explicit backend request,4,3,1,,
production.json,highs,0,False,OPTIMAL,OPTIMAL,VERIFIED_OPTIMAL,LP,517.0,0.0,2.3790493384824782e-17,7.13975309362811e-15,,0.002000431002670666,0.0009181699970213231,0.34869167099896003,4,4,7,fbd9b1a4ea89ed9984989ac41657ed5e2e52a59e048f38f67426340771fb4336,,,,,,,-1
production.json,highs,1,False,OPTIMAL,OPTIMAL,VERIFIED_OPTIMAL,LP,517.0,0.0,2.3790493384824782e-17,7.13975309362811e-15,,0.0020473299991863314,0.0009509699993941467,0.3587168740014022,4,4,7,fbd9b1a4ea89ed9984989ac41657ed5e2e52a59e048f38f67426340771fb4336,,,,,,,-1
production.json,highs,2,False,OPTIMAL,OPTIMAL,VERIFIED_OPTIMAL,LP,517.0,0.0,2.3790493384824782e-17,7.13975309362811e-15,,0.0022629239974776283,0.0009840710008575115,0.3684719029988628,4,4,7,fbd9b1a4ea89ed9984989ac41657ed5e2e52a59e048f38f67426340771fb4336,,,,,,,-1
